-- ============================================================
-- ARIS LIMS - Full Mock Seed Dataset (Water Sampling)
-- Populates: user, sample_type, test_type, coc, sample,
--            parameter, test, result
--
-- Run AFTER schema.sql, against the aris_lims database:
--   mysql -u root -p aris_lims < seed.sql
--
-- Safe to re-run: clears existing data first, in child-before-
-- parent order (FK checks temporarily disabled during clear).
-- ============================================================

USE `aris_lims`;

SET FOREIGN_KEY_CHECKS = 0;
TRUNCATE TABLE `result`;
TRUNCATE TABLE `test`;
TRUNCATE TABLE `sample`;
TRUNCATE TABLE `coc`;
TRUNCATE TABLE `parameter`;
TRUNCATE TABLE `test_type`;
TRUNCATE TABLE `sample_type`;
TRUNCATE TABLE `user`;
SET FOREIGN_KEY_CHECKS = 1;

-- ------------------------------------------------------------
-- USER
-- ------------------------------------------------------------
INSERT INTO `user`
(user_id, created_by_user_id, email, pwd_hash, first_name, last_name, role, status, must_change_password, created_at)
VALUES
('00000001-0001-0001-0001-000000000001', NULL, 'admin@arislims.com', '$2a$10$examplebcrypthashvalue01', 'Alice', 'Nguyen', 'ADMIN', 1, FALSE, '2026-05-01 08:00:00'),
('00000001-0002-0002-0002-000000000002', '00000001-0001-0001-0001-000000000001', 'jsmith@arislims.com', '$2a$10$examplebcrypthashvalue02', 'James', 'Smith', 'LAB_TECH', 1, FALSE, '2026-05-02 08:00:00'),
('00000001-0003-0003-0003-000000000003', '00000001-0001-0001-0001-000000000001', 'mgarcia@arislims.com', '$2a$10$examplebcrypthashvalue03', 'Maria', 'Garcia', 'LAB_TECH', 1, TRUE, '2026-05-03 08:00:00'),
('00000001-0004-0004-0004-000000000004', '00000001-0001-0001-0001-000000000001', 'dkim@arislims.com', '$2a$10$examplebcrypthashvalue04', 'David', 'Kim', 'LAB_MANAGER', 1, FALSE, '2026-05-04 08:00:00'),
('00000001-0005-0005-0005-000000000005', '00000001-0001-0001-0001-000000000001', 'sconnor@clientcorp.com', '$2a$10$examplebcrypthashvalue05', 'Sarah', 'Connor', 'CLIENT', 0, TRUE, '2026-05-05 08:00:00');

-- ------------------------------------------------------------
-- SAMPLE_TYPE
-- ------------------------------------------------------------
INSERT INTO `sample_type` (sample_type_id, sample_type_name) VALUES
(1, 'Drinking Water'),
(2, 'Wastewater'),
(3, 'Surface Water'),
(4, 'Groundwater'),
(5, 'Stormwater');

-- ------------------------------------------------------------
-- TEST_TYPE
-- ------------------------------------------------------------
INSERT INTO `test_type`
(test_type_id, type_name, description, required_volume, bg_color, icon_color, border_color, is_active)
VALUES
(1, 'pH & Alkalinity', 'Measures acidity/alkalinity and buffering capacity of water samples.', 50.0, '#E3F2FD', '#1565C0', '#90CAF9', 1),
(2, 'Turbidity Analysis', 'Measures water clarity by quantifying suspended particles.', 100.0, '#E0F7FA', '#00838F', '#80DEEA', 1),
(3, 'Dissolved Oxygen', 'Measures oxygen content dissolved in water, key for aquatic health.', 50.0, '#E8F5E9', '#2E7D32', '#A5D6A7', 1),
(4, 'Heavy Metals Panel', 'Detects trace concentrations of regulated heavy metals in water.', 250.0, '#FBE9E7', '#D84315', '#FFAB91', 1),
(5, 'Nutrient Analysis', 'Quantifies nitrogen, phosphorus and other nutrient compounds.', 200.0, '#F1F8E9', '#558B2F', '#C5E1A5', 1),
(6, 'Microbial Contamination', 'Screens for coliform bacteria and other microbial indicators.', 100.0, '#FFF3E0', '#EF6C00', '#FFCC80', 1),
(7, 'Water Hardness', 'Measures calcium and magnesium concentration in water samples.', 50.0, '#E8EAF6', '#283593', '#9FA8DA', 1),
(8, 'Chlorine Residual', 'Measures free and total chlorine levels in treated water.', 50.0, '#E0F2F1', '#00695C', '#80CBC4', 1),
(9, 'Total Suspended Solids', 'Measures the dry weight of suspended particles in a water sample.', 250.0, '#FAFAFA', '#424242', '#BDBDBD', 1),
(10, 'Biochemical Oxygen Demand', 'Measures oxygen consumed by microorganisms decomposing organic matter.', 300.0, '#F1F8E9', '#33691E', '#AED581', 1),
(11, 'Chemical Oxygen Demand', 'Measures the oxygen equivalent of organic matter oxidizable by a strong chemical oxidant.', 250.0, '#EDE7F6', '#4527A0', '#B39DDB', 1),
(12, 'Total Dissolved Solids', 'Measures combined dissolved organic and inorganic content in water.', 100.0, '#FFFDE7', '#F9A825', '#FFF59D', 1),
(13, 'Disinfection By-Products', 'Detects trihalomethanes and haloacetic acids formed during chlorination.', 150.0, '#F3E5F5', '#6A1B9A', '#CE93D8', 1),
(14, 'Radionuclide Screening', 'Legacy test for trace radioactive isotopes in drinking water. Retained for records.', 500.0, '#FFEBEE', '#C62828', '#EF9A9A', 0),
(15, 'Pesticide Residue (Water)', 'Legacy test for residual pesticide concentration in water samples.', 150.0, '#F9FBE7', '#9E9D24', '#E6EE9C', 0);

-- ------------------------------------------------------------
-- PARAMETER
-- ------------------------------------------------------------
INSERT INTO `parameter`
(test_type_id, parameter_name, unit, `limit`)
VALUES
(1, 'pH', 'pH units', '6.5 - 8.5'),
(1, 'Total Alkalinity', 'mg/L', '20 - 200'),
(1, 'Bicarbonate Alkalinity', 'mg/L', '0 - 180'),
(1, 'Carbonate Alkalinity', 'mg/L', '0 - 20'),
(2, 'Turbidity', 'NTU', '< 1.0'),
(2, 'Total Solids', 'mg/L', '< 500'),
(2, 'Color', 'TCU', '< 15'),
(3, 'Dissolved Oxygen', 'mg/L', '> 5.0'),
(3, 'Oxygen Saturation', '%', '80 - 120'),
(3, 'Temperature', '°C', '0 - 30'),
(4, 'Lead (Pb)', 'µg/L', '< 15'),
(4, 'Mercury (Hg)', 'µg/L', '< 2'),
(4, 'Cadmium (Cd)', 'µg/L', '< 5'),
(4, 'Arsenic (As)', 'µg/L', '< 10'),
(4, 'Chromium (Cr)', 'µg/L', '< 100'),
(4, 'Copper (Cu)', 'µg/L', '< 1300'),
(5, 'Total Nitrogen', 'mg/L', '< 10'),
(5, 'Total Phosphorus', 'mg/L', '< 1.0'),
(5, 'Nitrate', 'mg/L', '< 10'),
(5, 'Nitrite', 'mg/L', '< 1'),
(5, 'Ammonia', 'mg/L', '< 0.5'),
(6, 'Total Coliform', 'CFU/100mL', '0'),
(6, 'E. coli', 'CFU/100mL', '0'),
(6, 'Fecal Coliform', 'CFU/100mL', '0'),
(6, 'Heterotrophic Plate Count', 'CFU/mL', '< 500'),
(7, 'Total Hardness', 'mg/L CaCO3', '60 - 180'),
(7, 'Calcium', 'mg/L', '< 200'),
(7, 'Magnesium', 'mg/L', '< 50'),
(8, 'Free Chlorine', 'mg/L', '0.2 - 4.0'),
(8, 'Total Chlorine', 'mg/L', '0.2 - 4.0'),
(8, 'Combined Chlorine', 'mg/L', '< 0.5'),
(9, 'Total Suspended Solids', 'mg/L', '< 30'),
(9, 'Volatile Suspended Solids', 'mg/L', '< 20'),
(10, 'BOD5', 'mg/L', '< 30'),
(10, 'Carbonaceous BOD', 'mg/L', '< 25'),
(11, 'COD', 'mg/L', '< 125'),
(11, 'BOD/COD Ratio', 'ratio', 'N/A'),
(12, 'Total Dissolved Solids', 'mg/L', '< 500'),
(12, 'Conductivity', 'µS/cm', '< 800'),
(12, 'Salinity', 'ppt', '< 0.5'),
(13, 'Total Trihalomethanes', 'µg/L', '< 80'),
(13, 'Haloacetic Acids (HAA5)', 'µg/L', '< 60'),
(13, 'Bromate', 'µg/L', '< 10'),
(14, 'Gross Alpha Activity', 'pCi/L', '< 15'),
(14, 'Gross Beta Activity', 'pCi/L', '< 50'),
(14, 'Radium-226/228', 'pCi/L', '< 5'),
(15, 'Glyphosate', 'µg/L', '< 700'),
(15, 'Atrazine', 'µg/L', '< 3'),
(15, 'Chlorpyrifos', 'µg/L', '< 20');

-- ------------------------------------------------------------
-- COC (Chain of Custody)
-- ------------------------------------------------------------
INSERT INTO `coc`
(coc_id, coc_number, project_name, report_to_name1, report_to_email1, report_to_name2, report_to_email2, date_required, is_rush, date_for_rush, received_by, received_time, relinquished_by, relinquished_time, number_of_containers, special_instructions, created_by_user_id, created_at, status)
VALUES
('00000002-0001-0001-0001-000000000001', 'COC-2026-0001', 'City Reservoir Monitoring', 'Sarah Connor', 'sconnor@clientcorp.com', NULL, NULL, '2026-06-11 17:00:00', 0, NULL, 'James Smith', '2026-06-06 09:15:00', 'Sarah Connor', '2026-06-06 08:45:00', 4, NULL, '00000001-0002-0002-0002-000000000002', '2026-06-06 09:20:00', 'Completed'),
('00000002-0002-0002-0002-000000000002', 'COC-2026-0002', 'Riverside Treatment Plant', 'Sarah Connor', 'sconnor@clientcorp.com', 'David Kim', 'dkim@arislims.com', '2026-06-12 17:00:00', 1, '2026-06-10 12:00:00', 'James Smith', '2026-06-07 09:15:00', 'Sarah Connor', '2026-06-07 08:45:00', 5, 'Keep on ice, deliver within 24 hours.', '00000001-0002-0002-0002-000000000002', '2026-06-07 09:20:00', 'Completed'),
('00000002-0003-0003-0003-000000000003', 'COC-2026-0003', 'Well Water Compliance', 'Sarah Connor', 'sconnor@clientcorp.com', NULL, NULL, '2026-06-13 17:00:00', 0, NULL, 'James Smith', '2026-06-08 09:15:00', 'Sarah Connor', '2026-06-08 08:45:00', 3, NULL, '00000001-0002-0002-0002-000000000002', '2026-06-08 09:20:00', 'Completed'),
('00000002-0004-0004-0004-000000000004', 'COC-2026-0004', 'Municipal Effluent Study', 'Sarah Connor', 'sconnor@clientcorp.com', 'David Kim', 'dkim@arislims.com', '2026-06-14 17:00:00', 0, NULL, 'James Smith', '2026-06-09 09:15:00', 'Sarah Connor', '2026-06-09 08:45:00', 4, 'Keep on ice, deliver within 24 hours.', '00000001-0002-0002-0002-000000000002', '2026-06-09 09:20:00', 'In-Progress'),
('00000002-0005-0005-0005-000000000005', 'COC-2026-0005', 'Lakeside Watershed Survey', 'Sarah Connor', 'sconnor@clientcorp.com', NULL, NULL, '2026-06-15 17:00:00', 1, '2026-06-13 12:00:00', 'James Smith', '2026-06-10 09:15:00', 'Sarah Connor', '2026-06-10 08:45:00', 5, NULL, '00000001-0002-0002-0002-000000000002', '2026-06-10 09:20:00', 'In-Progress'),
('00000002-0006-0006-0006-000000000006', 'COC-2026-0006', 'Industrial Discharge Audit', 'Sarah Connor', 'sconnor@clientcorp.com', 'David Kim', 'dkim@arislims.com', '2026-06-16 17:00:00', 0, NULL, 'James Smith', '2026-06-11 09:15:00', 'Sarah Connor', '2026-06-11 08:45:00', 3, 'Keep on ice, deliver within 24 hours.', '00000001-0002-0002-0002-000000000002', '2026-06-11 09:20:00', 'In-Progress');

-- ------------------------------------------------------------
-- SAMPLE
-- ------------------------------------------------------------
INSERT INTO `sample`
(sample_id, coc_id, sample_type_id, sample_client_id, sampled_time, sampling_point, matrix, number_of_containers, remarks, initial_volume, remaining_volume, created_at, is_filtered, is_preserved, is_filtered_and_preserved, status)
VALUES
('00000003-0001-0001-0001-000000000001', '00000002-0001-0001-0001-000000000001', 1, 'CLT-0001', '2026-06-05 10:00:00', 'Outfall 1', 'Drinking Water', 2, 'Slight odor noted at collection.', '500.0', '480.0', '2026-06-05 10:30:00', 0, 0, 0, 'Completed'),
('00000003-0002-0002-0002-000000000002', '00000002-0001-0001-0001-000000000001', 2, 'CLT-0002', '2026-06-05 10:15:00', 'Well #3', 'Wastewater', 3, 'No visible issues at collection.', '500.0', '460.0', '2026-06-05 10:30:00', 0, 0, 0, 'Completed'),
('00000003-0003-0003-0003-000000000003', '00000002-0002-0002-0002-000000000002', 3, 'CLT-0003', '2026-06-06 10:00:00', 'Mid-Channel Station', 'Surface Water', 1, 'Slight odor noted at collection.', '500.0', '440.0', '2026-06-06 10:30:00', 0, 1, 0, 'Completed'),
('00000003-0004-0004-0004-000000000004', '00000002-0002-0002-0002-000000000002', 4, 'CLT-0004', '2026-06-06 10:15:00', 'Storage Tank 2', 'Groundwater', 2, 'No visible issues at collection.', '500.0', '420.0', '2026-06-06 10:30:00', 1, 0, 0, 'Completed'),
('00000003-0005-0005-0005-000000000005', '00000002-0002-0002-0002-000000000002', 5, 'CLT-0005', '2026-06-06 10:30:00', 'Discharge Point B', 'Stormwater', 3, 'Slight odor noted at collection.', '500.0', '500.0', '2026-06-06 10:30:00', 0, 0, 0, 'Completed'),
('00000003-0006-0006-0006-000000000006', '00000002-0003-0003-0003-000000000003', 1, 'CLT-0006', '2026-06-07 10:00:00', 'Intake Point A', 'Drinking Water', 1, 'No visible issues at collection.', '500.0', '480.0', '2026-06-07 10:30:00', 0, 1, 1, 'Completed'),
('00000003-0007-0007-0007-000000000007', '00000002-0003-0003-0003-000000000003', 2, 'CLT-0007', '2026-06-07 10:15:00', 'Outfall 1', 'Wastewater', 2, 'Slight odor noted at collection.', '500.0', '460.0', '2026-06-07 10:30:00', 0, 0, 0, 'Completed'),
('00000003-0008-0008-0008-000000000008', '00000002-0004-0004-0004-000000000004', 3, 'CLT-0008', '2026-06-08 10:00:00', 'Well #3', 'Surface Water', 3, 'No visible issues at collection.', '500.0', '440.0', '2026-06-08 10:30:00', 1, 0, 0, 'In-Progress'),
('00000003-0009-0009-0009-000000000009', '00000002-0004-0004-0004-000000000004', 4, 'CLT-0009', '2026-06-08 10:15:00', 'Mid-Channel Station', 'Groundwater', 1, 'Slight odor noted at collection.', '500.0', '420.0', '2026-06-08 10:30:00', 0, 1, 0, 'In-Progress'),
('00000003-0010-0010-0010-000000000010', '00000002-0004-0004-0004-000000000004', 5, 'CLT-0010', '2026-06-08 10:30:00', 'Storage Tank 2', 'Stormwater', 2, 'No visible issues at collection.', '500.0', '500.0', '2026-06-08 10:30:00', 0, 0, 0, 'In-Progress'),
('00000003-0011-0011-0011-000000000011', '00000002-0005-0005-0005-000000000005', 1, 'CLT-0011', '2026-06-09 10:00:00', 'Discharge Point B', 'Drinking Water', 3, 'Slight odor noted at collection.', '500.0', '480.0', '2026-06-09 10:30:00', 0, 0, 0, 'In-Progress'),
('00000003-0012-0012-0012-000000000012', '00000002-0005-0005-0005-000000000005', 2, 'CLT-0012', '2026-06-09 10:15:00', 'Intake Point A', 'Wastewater', 1, 'No visible issues at collection.', '500.0', '460.0', '2026-06-09 10:30:00', 1, 1, 1, 'In-Progress'),
('00000003-0013-0013-0013-000000000013', '00000002-0006-0006-0006-000000000006', 3, 'CLT-0013', '2026-06-10 10:00:00', 'Outfall 1', 'Surface Water', 2, 'Slight odor noted at collection.', '500.0', '440.0', '2026-06-10 10:30:00', 0, 0, 0, 'In-Progress'),
('00000003-0014-0014-0014-000000000014', '00000002-0006-0006-0006-000000000006', 4, 'CLT-0014', '2026-06-10 10:15:00', 'Well #3', 'Groundwater', 3, 'No visible issues at collection.', '500.0', '420.0', '2026-06-10 10:30:00', 0, 0, 0, 'In-Progress'),
('00000003-0015-0015-0015-000000000015', '00000002-0006-0006-0006-000000000006', 5, 'CLT-0015', '2026-06-10 10:30:00', 'Mid-Channel Station', 'Stormwater', 1, 'Slight odor noted at collection.', '500.0', '500.0', '2026-06-10 10:30:00', 0, 1, 0, 'In-Progress');

-- ------------------------------------------------------------
-- TEST
-- ------------------------------------------------------------
INSERT INTO `test`
(test_id, sample_id, test_type_id, status, created_at, run_number, retest_reason)
VALUES
('00000004-0001-0001-0001-000000000001', '00000003-0001-0001-0001-000000000001', 1, 'Completed', '2026-06-05 10:30:00', 0, NULL),
('00000004-0002-0002-0002-000000000002', '00000003-0001-0001-0001-000000000001', 2, 'Completed', '2026-06-05 10:30:00', 0, NULL),
('00000004-0003-0003-0003-000000000003', '00000003-0002-0002-0002-000000000002', 2, 'Completed', '2026-06-05 10:30:00', 0, NULL),
('00000004-0004-0004-0004-000000000004', '00000003-0003-0003-0003-000000000003', 3, 'Completed', '2026-06-06 10:30:00', 0, NULL),
('00000004-0005-0005-0005-000000000005', '00000003-0004-0004-0004-000000000004', 4, 'Completed', '2026-06-06 10:30:00', 0, NULL),
('00000004-0006-0006-0006-000000000006', '00000003-0004-0004-0004-000000000004', 5, 'Completed', '2026-06-06 10:30:00', 0, NULL),
('00000004-0007-0007-0007-000000000007', '00000003-0005-0005-0005-000000000005', 5, 'Completed', '2026-06-06 10:30:00', 0, NULL),
('00000004-0008-0008-0008-000000000008', '00000003-0006-0006-0006-000000000006', 6, 'Completed', '2026-06-07 10:30:00', 0, NULL),
('00000004-0009-0009-0009-000000000009', '00000003-0007-0007-0007-000000000007', 7, 'Completed', '2026-06-07 10:30:00', 0, NULL),
('00000004-0010-0010-0010-000000000010', '00000003-0007-0007-0007-000000000007', 8, 'Completed', '2026-06-07 10:30:00', 0, NULL),
('00000004-0011-0011-0011-000000000011', '00000003-0008-0008-0008-000000000008', 8, 'In-Progress', '2026-06-08 10:30:00', 0, NULL),
('00000004-0012-0012-0012-000000000012', '00000003-0009-0009-0009-000000000009', 9, 'In-Progress', '2026-06-08 10:30:00', 0, NULL),
('00000004-0013-0013-0013-000000000013', '00000003-0010-0010-0010-000000000010', 10, 'Pending', '2026-06-08 10:30:00', 0, NULL),
('00000004-0014-0014-0014-000000000014', '00000003-0010-0010-0010-000000000010', 11, 'In-Progress', '2026-06-08 10:30:00', 0, NULL),
('00000004-0015-0015-0015-000000000015', '00000003-0011-0011-0011-000000000011', 11, 'In-Progress', '2026-06-09 10:30:00', 0, NULL),
('00000004-0016-0016-0016-000000000016', '00000003-0012-0012-0012-000000000012', 12, 'In-Progress', '2026-06-09 10:30:00', 0, NULL),
('00000004-0017-0017-0017-000000000017', '00000003-0013-0013-0013-000000000013', 13, 'In-Progress', '2026-06-10 10:30:00', 0, NULL),
('00000004-0018-0018-0018-000000000018', '00000003-0013-0013-0013-000000000013', 1, 'In-Progress', '2026-06-10 10:30:00', 0, NULL),
('00000004-0019-0019-0019-000000000019', '00000003-0014-0014-0014-000000000014', 1, 'Pending', '2026-06-10 10:30:00', 0, NULL),
('00000004-0020-0020-0020-000000000020', '00000003-0015-0015-0015-000000000015', 2, 'In-Progress', '2026-06-10 10:30:00', 0, NULL);

-- ------------------------------------------------------------
-- RESULT
-- Only generated for tests with status = 'Completed', one row
-- per parameter belonging to that test's test_type.
-- ------------------------------------------------------------
INSERT INTO `result`
(result_id, test_id, parameter_id, value, created_at, created_by_user_id, updated_by_user_id, updated_at, qualifier)
VALUES
('00000005-0001-0001-0001-000000000001', '00000004-0001-0001-0001-000000000001', 1, '1.59', '2026-06-05 10:30:00', '00000001-0002-0002-0002-000000000002', NULL, NULL, '='),
('00000005-0002-0002-0002-000000000002', '00000004-0001-0001-0001-000000000001', 2, '11.01', '2026-06-05 10:30:00', '00000001-0002-0002-0002-000000000002', NULL, NULL, '='),
('00000005-0003-0003-0003-000000000003', '00000004-0001-0001-0001-000000000001', 3, '25.32', '2026-06-05 10:30:00', '00000001-0002-0002-0002-000000000002', NULL, NULL, '='),
('00000005-0004-0004-0004-000000000004', '00000004-0001-0001-0001-000000000001', 4, '1.42', '2026-06-05 10:30:00', '00000001-0002-0002-0002-000000000002', NULL, NULL, '='),
('00000005-0005-0005-0005-000000000005', '00000004-0002-0002-0002-000000000002', 5, '10.02', '2026-06-05 10:30:00', '00000001-0002-0002-0002-000000000002', '00000001-0004-0004-0004-000000000004', '2026-06-05 10:30:00', '='),
('00000005-0006-0006-0006-000000000006', '00000004-0002-0002-0002-000000000002', 6, '32.53', '2026-06-05 10:30:00', '00000001-0002-0002-0002-000000000002', NULL, NULL, '='),
('00000005-0007-0007-0007-000000000007', '00000004-0002-0002-0002-000000000002', 7, '27.29', '2026-06-05 10:30:00', '00000001-0002-0002-0002-000000000002', NULL, NULL, '='),
('00000005-0008-0008-0008-000000000008', '00000004-0003-0003-0003-000000000003', 5, '11.1', '2026-06-05 10:30:00', '00000001-0002-0002-0002-000000000002', NULL, NULL, '='),
('00000005-0009-0009-0009-000000000009', '00000004-0003-0003-0003-000000000003', 6, '29.5', '2026-06-05 10:30:00', '00000001-0002-0002-0002-000000000002', NULL, NULL, '='),
('00000005-0010-0010-0010-000000000010', '00000004-0003-0003-0003-000000000003', 7, '40.49', '2026-06-05 10:30:00', '00000001-0002-0002-0002-000000000002', '00000001-0004-0004-0004-000000000004', '2026-06-05 10:30:00', '='),
('00000005-0011-0011-0011-000000000011', '00000004-0004-0004-0004-000000000004', 8, '0.42', '2026-06-06 10:30:00', '00000001-0002-0002-0002-000000000002', NULL, NULL, '='),
('00000005-0012-0012-0012-000000000012', '00000004-0004-0004-0004-000000000004', 9, '40.31', '2026-06-06 10:30:00', '00000001-0002-0002-0002-000000000002', NULL, NULL, '='),
('00000005-0013-0013-0013-000000000013', '00000004-0004-0004-0004-000000000004', 10, '34.94', '2026-06-06 10:30:00', '00000001-0002-0002-0002-000000000002', NULL, NULL, '='),
('00000005-0014-0014-0014-000000000014', '00000004-0005-0005-0005-000000000005', 11, '17.08', '2026-06-06 10:30:00', '00000001-0002-0002-0002-000000000002', NULL, NULL, '='),
('00000005-0015-0015-0015-000000000015', '00000004-0005-0005-0005-000000000005', 12, '7.86', '2026-06-06 10:30:00', '00000001-0002-0002-0002-000000000002', '00000001-0004-0004-0004-000000000004', '2026-06-06 10:30:00', '='),
('00000005-0016-0016-0016-000000000016', '00000004-0005-0005-0005-000000000005', 13, '47.86', '2026-06-06 10:30:00', '00000001-0002-0002-0002-000000000002', NULL, NULL, '='),
('00000005-0017-0017-0017-000000000017', '00000004-0005-0005-0005-000000000005', 14, '16.9', '2026-06-06 10:30:00', '00000001-0002-0002-0002-000000000002', NULL, NULL, '='),
('00000005-0018-0018-0018-000000000018', '00000004-0005-0005-0005-000000000005', 15, '4.73', '2026-06-06 10:30:00', '00000001-0002-0002-0002-000000000002', NULL, NULL, '='),
('00000005-0019-0019-0019-000000000019', '00000004-0005-0005-0005-000000000005', 16, '4.93', '2026-06-06 10:30:00', '00000001-0002-0002-0002-000000000002', NULL, NULL, '='),
('00000005-0020-0020-0020-000000000020', '00000004-0006-0006-0006-000000000006', 17, '42.39', '2026-06-06 10:30:00', '00000001-0002-0002-0002-000000000002', '00000001-0004-0004-0004-000000000004', '2026-06-06 10:30:00', '='),
('00000005-0021-0021-0021-000000000021', '00000004-0006-0006-0006-000000000006', 18, '30.23', '2026-06-06 10:30:00', '00000001-0002-0002-0002-000000000002', NULL, NULL, '='),
('00000005-0022-0022-0022-000000000022', '00000004-0006-0006-0006-000000000006', 19, '40.38', '2026-06-06 10:30:00', '00000001-0002-0002-0002-000000000002', NULL, NULL, '='),
('00000005-0023-0023-0023-000000000023', '00000004-0006-0006-0006-000000000006', 20, '36.51', '2026-06-06 10:30:00', '00000001-0002-0002-0002-000000000002', NULL, NULL, '='),
('00000005-0024-0024-0024-000000000024', '00000004-0006-0006-0006-000000000006', 21, '26.86', '2026-06-06 10:30:00', '00000001-0002-0002-0002-000000000002', NULL, NULL, '='),
('00000005-0025-0025-0025-000000000025', '00000004-0007-0007-0007-000000000007', 17, '48.66', '2026-06-06 10:30:00', '00000001-0002-0002-0002-000000000002', '00000001-0004-0004-0004-000000000004', '2026-06-06 10:30:00', '='),
('00000005-0026-0026-0026-000000000026', '00000004-0007-0007-0007-000000000007', 18, '18.99', '2026-06-06 10:30:00', '00000001-0002-0002-0002-000000000002', NULL, NULL, '='),
('00000005-0027-0027-0027-000000000027', '00000004-0007-0007-0007-000000000007', 19, '27.65', '2026-06-06 10:30:00', '00000001-0002-0002-0002-000000000002', NULL, NULL, '='),
('00000005-0028-0028-0028-000000000028', '00000004-0007-0007-0007-000000000007', 20, '41.49', '2026-06-06 10:30:00', '00000001-0002-0002-0002-000000000002', NULL, NULL, '='),
('00000005-0029-0029-0029-000000000029', '00000004-0007-0007-0007-000000000007', 21, '30.96', '2026-06-06 10:30:00', '00000001-0002-0002-0002-000000000002', NULL, NULL, '='),
('00000005-0030-0030-0030-000000000030', '00000004-0008-0008-0008-000000000008', 22, '0', '2026-06-07 10:30:00', '00000001-0002-0002-0002-000000000002', '00000001-0004-0004-0004-000000000004', '2026-06-07 10:30:00', '='),
('00000005-0031-0031-0031-000000000031', '00000004-0008-0008-0008-000000000008', 23, '0', '2026-06-07 10:30:00', '00000001-0002-0002-0002-000000000002', NULL, NULL, '='),
('00000005-0032-0032-0032-000000000032', '00000004-0008-0008-0008-000000000008', 24, '0', '2026-06-07 10:30:00', '00000001-0002-0002-0002-000000000002', NULL, NULL, '='),
('00000005-0033-0033-0033-000000000033', '00000004-0008-0008-0008-000000000008', 25, '43.1', '2026-06-07 10:30:00', '00000001-0002-0002-0002-000000000002', NULL, NULL, '='),
('00000005-0034-0034-0034-000000000034', '00000004-0009-0009-0009-000000000009', 26, '28.91', '2026-06-07 10:30:00', '00000001-0002-0002-0002-000000000002', NULL, NULL, '='),
('00000005-0035-0035-0035-000000000035', '00000004-0009-0009-0009-000000000009', 27, '35.26', '2026-06-07 10:30:00', '00000001-0002-0002-0002-000000000002', '00000001-0004-0004-0004-000000000004', '2026-06-07 10:30:00', '='),
('00000005-0036-0036-0036-000000000036', '00000004-0009-0009-0009-000000000009', 28, '2.39', '2026-06-07 10:30:00', '00000001-0002-0002-0002-000000000002', NULL, NULL, '='),
('00000005-0037-0037-0037-000000000037', '00000004-0010-0010-0010-000000000010', 29, '11.47', '2026-06-07 10:30:00', '00000001-0002-0002-0002-000000000002', NULL, NULL, '='),
('00000005-0038-0038-0038-000000000038', '00000004-0010-0010-0010-000000000010', 30, '14.54', '2026-06-07 10:30:00', '00000001-0002-0002-0002-000000000002', NULL, NULL, '='),
('00000005-0039-0039-0039-000000000039', '00000004-0010-0010-0010-000000000010', 31, '4.08', '2026-06-07 10:30:00', '00000001-0002-0002-0002-000000000002', NULL, NULL, '=');
